﻿CAM1800-01;BULLET 1800TVL CMOS 36 LED (3M);Chip SONY, Lente 3.6 mm;;17;;;;;;;10.0000;1;20000.0000
CAM600-02;BULLET 600TVL CMOS 1/4 3.6mm 36LED (G:2);;;17;;;;;;;12.0000;0;20130.0000
CAM600-03;BULLET 600TVL CMOS 1/4 3.6mm 36LED (G:2);CON BASE DE ALUMINIO;;17;;;;;;;15.0000;0;18810.0000
CAM800-01-I;BULLET 800TVL HDIS 1/3 3.6MM 30LED (3M);;;17;;;;;;;30.0000;1;22825.0000
CAM800-02-I;BULLET 800TVL CMOS 960h 48 LED (3M);;;17;;;;;;;19.0000;0;32000.0000
CONDC-01-I;CONECTOR DC MACHO;;;21;;;;;;;352.0000;1;280.0000
CONDC-02;CONECTOR DC HEMBRA;;;21;;;;;;;384.0000;1;280.0000
DD250-01;DISCO DURO 250GB SATA;NULL;NULL;22;NULL;NULL;NULL;NULL;NULL;NULL;1.0000;0;8000.0000
DD500-01;DISCO DURO 500GB SATA;NULL;NULL;22;NULL;NULL;NULL;NULL;NULL;NULL;1.0000;0;8000.0000
DOMO1000-01-I;CAMARA DOMO 1/3 1000TVL 36LED 3.6MM CMOS;DIST 30MTRS;;17;;;962x504;;;;31.0000;0;20130.0000
DOMO1000-02;CAMARA DOMO 1/3 1000TVL 36LED 3.6MM SONY;CMOS DIST 30MTRS;;17;;;962x504;;;;20.0000;1;22130.0000
DOMO480-01;CAMARA DOMO 1/4 480TVL 3.6mm 24LED CMOS;Audio Incluido;;17;;;;;;;15.0000;1;10000.0000
DOMO600-01;CAMARA DOMO 1/4 600TVL 24LED 3.6MM CMOS;;;17;;;;;;;20.0000;0;14080.0000
DOMO700-01-I;DOMO ANTIVANDALICA 700TVL HDIS 24LED G:3;DIST 20 MTROS;;17;;;756x504;;;;61.0000;0;16950.0000
DVR-16CH-01-I;DVR 16 CANALES 960hx16 (G:3M);NO HACE FALTA CONFIGURAR NINGUN SERVIDOR;;18;16;VGA/BNC;1024x768;H.264 Ethenet 100/1000mbps;Soporta HD 4TB (max 2tb HDx2);960hx16;2.0000;0;98500.0000
DVR-16CH-02-I;DVR 16 CANALES iCloud Graba en CIFx14;D1x2 (G:3M);NO HACE FALTA CONFIGURAR NINGUN SERVIDOR;18;4;HDMI/VGA/BNC;1024x768;H.264;Soporta HD 1TB (max 2TB HD);D1x2 - CIFx14;4.0000;0;86000.0000
DVR-16CH-03;DVR 16 CANALES D1x2 CIFx14 (G:3M);PAGINA PROPIA;CAJA ROJA;18;4;HDMI/VGA/BNC;1024x768;H264 - RS845 - CONTROL REMOTO;Soporta HD 1TB (max 2TB HD);D1x2 - CIFx14;4.0000;1;0.0000
DVR-4CH-01;DVR 4 CANALES Graba en D1 (G:3M);TIENE SU PROPIA PAGINA;;18;4;HDMI/VGA/BNC;1024x768;H.264 - RS485 - CONTROL REMOTO;Soporta HD 2TB (1TB/1TB);4 x D1;4.0000;1;63700.0000
DVR-4CH-03-I;DVR 4 CANALES iCloud Graba en D1 (G:3M);NO HACE FALTA CONFIGURAR NINGUN SERVIDOR;;18;1;HDMI/VGA/BNC;;H.264;Soporta HD 2TB (1TB/1TB);D1x4;1.0000;0;47770.0000
DVR-8CH-02-I;DVR 8 CANALES HDL-960H Graba en HDL(G:3);NO HACE FALTA CONFIGURAR NINGUN SERVIDOR;;18;8;HDMI/VGA/BNC;1280x1024;H.264;Soporta DD 1TB (max 2TB);;9.0000;0;65000.0000
DVR-8CH-03;DVR 8 CANALES Graba en CIF (G:3m);TIENE PAGINA PROPIA;OEM;18;8;HDMI/VGA/BNC;1024x768;H.264 PUERTO 485;;;8.0000;1;60000.0000
FUENTE600;FUENTE DE PODER 600W;NULL;NULL;21;NULL;NULL;NULL;NULL;NULL;NULL;3.0000;0;9522.8600
RFID-01;TARJETA DE APROXIMIDAD RFID;;;21;;;;;;;200.0000;1;825.0000
SPLIT-01;SPLIT 4 A 1;;;21;;;;;;;2.0000;0;1350.0000
TRA12V05A-01;TRANSFORMADOR 12v 0,5ma (G:0)-G;;;19;;;;;;;19.0000;0;2200.0000
TRA12V15-01-I;TRANSFORMADORES 12v 1,5A (G:0);;;19;;;;;;;128.0000;1;3110.0000
TRA12V1A-01;TRANSFORMADORES 12v 1A (G:0);;;19;;;;;;;165.0000;1;2100.0000
TRA12V2A-01-I;TRANSFORMADORES 12v 2A (G:0)-G;;;19;;;;;;;44.0000;1;4090.0000
TRA12V2A-02;TRANSFORMADORES 12v 2A (G:0)-P;;;19;;;;;;;49.0000;1;3850.0000
UTC-01-I;CONECTOR UTC (G:0);;;21;NULL;NULL;NULL;NULL;NULL;NULL;2.0000;0;500.0000
UTP-01;BOBINA DE CABLE UTP NIVEL 5E 305MTRS;;;20;;;;;;;10.0000;0;40500.0000
VB1CH-03;VIDEO BALUM 1CH CON CABLE (G:0);;;21;;;;;;;165.0000;0;1750.0000
VB1CH-03-I;VIDEO BALUM 1CH (G:0);;;21;;;;;;;281.0000;1;1650.0000
